{"timesteps": [0, 1, 2, 3, 4, 5, 6, 7, 8, 9, 10, 11, 12, 13, 14, 15, 16, 17, 18, 19, 20, 21, 22, 23, 24, 25, 26, 27, 28, 29, 30, 31, 32, 33, 34, 35, 36, 37, 38, 39, 40, 41, 42, 43, 44, 45, 46, 47, 48, 49], "columns": {"dim_0": {"actual": [-0.5893983840942383, -0.6067972779273987, -0.5978120565414429, -0.5716593861579895, -0.5548567771911621, -0.5643443465232849, -0.5333938002586365, -0.5482357740402222, -0.5297155976295471, -0.5212870240211487, -0.5575876832008362, -0.534091055393219, -0.4587109386920929, -0.4316847026348114, -0.3789241909980774, -0.4130053222179413, -0.4079570174217224, -0.43101441860198975, -0.4584881067276001, -0.473868191242218, -0.3794129192829132, -0.4151444733142853, -0.4244557023048401, -0.40222641825675964, -0.4201875925064087, -0.47803178429603577, -0.4833233952522278, -0.5095013976097107, -0.49562904238700867, -0.4768518805503845, -0.4884159564971924, -0.4850783050060272, -0.4675009548664093, -0.4106856882572174, -0.4103148579597473, -0.3300621211528778, -0.3746018409729004, -0.3607991933822632, -0.3463610112667084, -0.34977415204048157, -0.3348105251789093, -0.3015930652618408, -0.28775444626808167, -0.2433856576681137, -0.22890764474868774, -0.22741802036762238, -0.231851264834404, -0.23231926560401917, -0.2395225465297699, -0.26754897832870483], "predicted": [-0.5835190415382385, -0.5771960616111755, -0.5912603735923767, -0.5848832130432129, -0.5597203969955444, -0.5410147309303284, -0.5476102232933044, -0.5197605490684509, -0.5426040887832642, -0.5182735323905945, -0.5208973288536072, -0.5442137718200684, -0.5229694247245789, -0.4673381745815277, -0.43756863474845886, -0.39211803674697876, -0.427259236574173, -0.43148013949394226, -0.4522177278995514, -0.4644860327243805, -0.4776955544948578, -0.41126441955566406, -0.43459826707839966, -0.4400293231010437, -0.42615365982055664, -0.4348357319831848, -0.47282278537750244, -0.4760934114456177, -0.5073559284210205, -0.49273940920829773, -0.4781227707862854, -0.4872509837150574, -0.4805132746696472, -0.46703946590423584, -0.42228075861930847, -0.41566002368927, -0.36326953768730164, -0.39614957571029663, -0.3918616771697998, -0.3791865110397339, -0.3841226398944855, -0.3782680630683899, -0.37333303689956665, -0.3588410019874573, -0.33023467659950256, -0.3173580765724182, -0.30973944067955017, -0.31127485632896423, -0.3040110766887665, -0.3038825988769531]}, "dim_5": {"actual": [0.47822216153144836, 0.4012564718723297, 0.3412508964538574, 0.13109815120697021, 0.06610028445720673, 0.14449936151504517, 0.20077793300151825, 0.22372671961784363, 0.2570696771144867, 0.12621012330055237, 0.15955570340156555, 0.10274723172187805, -0.06299886852502823, -0.022203290835022926, 0.01561405137181282, 0.027390439063310623, -0.04346083104610443, -0.07728791981935501, 0.0338030606508255, 0.09547960758209229, -0.037765372544527054, 0.14317461848258972, 0.09506026655435562, 0.05224976688623428, 0.16650471091270447, 0.1809733361005783, 0.2235383838415146, 0.31887778639793396, 0.38052138686180115, 0.3144645392894745, 0.3004249036312103, 0.2386798858642578, 0.1607372760772705, 0.17973220348358154, 0.2845659852027893, 0.1375046670436859, 0.2624284625053406, 0.20729704201221466, 0.35399922728538513, 0.4352191984653473, 0.4350205659866333, 0.32448264956474304, 0.29166150093078613, 0.18991656601428986, 0.08932415395975113, 0.07837844640016556, 0.10450175404548645, 0.11407830566167831, 0.18128198385238647, 0.2700546979904175], "predicted": [0.3442489802837372, 0.3938635587692261, 0.35167497396469116, 0.32181045413017273, 0.1246224194765091, 0.04878342151641846, 0.09035465866327286, 0.13275501132011414, 0.14462190866470337, 0.20054775476455688, 0.11106907576322556, 0.12827236950397491, 0.08807707577943802, -0.03855976462364197, -0.02448420226573944, -0.017450839281082153, 0.0022599399089813232, -0.012100085616111755, -0.017376109957695007, 0.0866742953658104, 0.10261021554470062, 0.04479070007801056, 0.1390809863805771, 0.10231825709342957, 0.04143501818180084, 0.17570887506008148, 0.16602420806884766, 0.2036430984735489, 0.31925705075263977, 0.3521520495414734, 0.28895631432533264, 0.2824494540691376, 0.21990029513835907, 0.1620837152004242, 0.16260510683059692, 0.23379957675933838, 0.1484566181898117, 0.21905672550201416, 0.240544855594635, 0.3387758135795593, 0.4647362232208252, 0.46478980779647827, 0.4162350296974182, 0.3983675539493561, 0.307045578956604, 0.2569429874420166, 0.2261263132095337, 0.24050822854042053, 0.28145092725753784, 0.3229418396949768]}, "dim_15": {"actual": [1.3626127243041992, 1.4008136987686157, 1.3384382724761963, 1.1615550518035889, 1.0790176391601562, 1.1443085670471191, 1.043571949005127, 1.117475986480713, 1.0582079887390137, 0.982517659664154, 1.1290509700775146, 1.0202914476394653, 0.7103288173675537, 0.6396192312240601, 0.5037757158279419, 0.6001197099685669, 0.5658004283905029, 0.6149289011955261, 0.7333586812019348, 0.8064754009246826, 0.48534095287323, 0.6455908417701721, 0.6633706092834473, 0.5950626730918884, 0.6816122531890869, 0.8682318329811096, 0.8971969485282898, 1.0081311464309692, 0.9911963939666748, 0.9039422273635864, 0.940057635307312, 0.9074827432632446, 0.8216057419776917, 0.6607542037963867, 0.6987155079841614, 0.43039247393608093, 0.5982785224914551, 0.536521852016449, 0.5648987293243408, 0.6095020174980164, 0.5685473084449768, 0.4386175870895386, 0.3896382451057434, 0.3295235335826874, 0.29918280243873596, 0.29777684807777405, 0.3069865107536316, 0.30822187662124634, 0.3195767104625702, 0.34134605526924133], "predicted": [1.3161320686340332, 1.312621831893921, 1.3318674564361572, 1.2786141633987427, 1.0937639474868774, 1.0026733875274658, 1.0627741813659668, 0.9662821292877197, 1.0734126567840576, 0.9925602674484253, 0.9657285809516907, 1.0546070337295532, 0.9538443088531494, 0.7108114957809448, 0.6313490271568298, 0.48012202978134155, 0.6085910201072693, 0.5984823107719421, 0.6830321550369263, 0.7637937068939209, 0.8069428205490112, 0.5915898084640503, 0.7075357437133789, 0.6790907382965088, 0.6284791827201843, 0.7473505735397339, 0.8475001454353333, 0.8547616004943848, 1.0138657093048096, 0.9723882675170898, 0.8989412188529968, 0.9304203987121582, 0.8749047517776489, 0.8107486963272095, 0.6699444055557251, 0.6880294680595398, 0.48789650201797485, 0.6229484677314758, 0.6040129065513611, 0.61946040391922, 0.6882858276367188, 0.6567754745483398, 0.6581857204437256, 0.6282224059104919, 0.5243504643440247, 0.4850381016731262, 0.42410677671432495, 0.44124066829681396, 0.45635759830474854, 0.46605032682418823]}}}